{"task":"eating","status":"done","deadline":"22.03.2024","lastModified":"2024-03-25T16:32:01.302Z"}
{"task":"eating","status":"done","deadline":"22.03.2024","lastModified":"2024-03-25T16:32:49.939Z"},{"task":"eating","status":"done","deadline":"22.03.2024","lastModified":"2024-03-25T16:32:49.939Z"},{"task":"eating","status":"done","deadline":"22.03.2024","lastModified":"2024-03-25T16:32:50.693Z"},{"task":"eating","status":"done","deadline":"22.03.2024","lastModified":"2024-03-25T16:34:35.674Z"},{"task":"eating","status":"done","deadline":"22.03.2024","lastModified":"2024-03-25T16:34:36.570Z"},{"task":"eating","status":"done","deadline":"22.03.2024","lastModified":"2024-03-25T16:34:37.345Z"},{"task":"eating","status":"done","deadline":"22.03.2024","lastModified":"2024-03-25T16:36:45.885Z"},
{"task":"eating","status":"done","deadline":"22.03.2024","lastModified":"2024-03-25T16:36:46.715Z"},
{"task":"eating","status":"done","deadline":"22.03.2024","lastModified":"2024-03-25T16:36:47.457Z"},
{"task":"eating","status":"done","deadline":"22.03.2024","lastModified":"2024-03-25T16:37:05.290Z"},n{"task":"eating","status":"done","deadline":"22.03.2024","lastModified":"2024-03-25T16:37:06.056Z"},n{"task":"eating","status":"done","deadline":"22.03.2024","lastModified":"2024-03-25T16:37:51.362Z"},
{"task":"eating","status":"done","deadline":"22.03.2024","lastModified":"2024-03-25T16:37:55.724Z"},
{"task":"eating","status":"done","deadline":"22.03.2024","lastModified":"2024-03-25T16:38:26.653Z"}
{"task":"eating","status":"done","deadline":"22.03.2024","lastModified":"2024-03-25T16:38:28.320Z"}
{"task":"eating","status":"done","deadline":"22.03.2024","lastModified":"2024-03-25T16:39:49.337Z"}
{"task":"eating","status":"done","deadline":"22.03.2024","lastModified":"2024-03-25T16:39:50.562Z"}
